id;first_name;last_name;street;postal_code;city;country;phone_to_the_receiver;firm;tax_number
1;Watson;Koepp;Crist Throughway;mindshare invoice;Kreigerton;Antarctica (the territory South of 60 deg S);Money Credit Cambridgeshire;Multi-lateral;administration hard relationships
2;Hillard;Renner;Stacey Groves;Facilitator payment;Port Noemy;Paraguay;Developer New green;Dollar Centralized;Account Usability deposit
3;Enos;Kertzmann;Winifred Dam;Product Ameliorated;North Mauriciochester;Wallis and Futuna;up hack;Reverse-engineered Exclusive;Chips
4;Ryann;Fahey;Sister Road;orange next-generati;Stonemouth;France;quantify;Zealand;interface Sports
5;Cale;Block;Albertha Inlet;Incredible;Deborahtown;Uruguay;Ball Valley Refined;Steel Shoes;Account Renminbi
6;Guy;Hansen;Walker Forks;structure;Haleytown;Saint Kitts and Nevis;robust;cross-platform digital;Trace
7;Tianna;Sanford;Nikki Cape;Fish;Tomasachester;Samoa;navigating;port;black Plastic Officer
8;Alessandro;Muller;Brakus Plains;Keyboard synthesize ;Sanfordview;Latvia;grey Keys Pre-emptive;front-end Future;Islands Shoes
9;Martina;O'Conner;Mable Brook;back-end algorithm H;Desireeland;Namibia;Fantastic hard;Lead;Down-sized hub
10;Yvette;Ruecker;Malika Cape;Corporate Optimizati;North Monroe;Gambia;Division high-level;back-end;Rustic Botswana
